
Home
MR. HARISH
Masters
Masters
CDP
CDP
IRO
IRO
Admin
Admin
Security
Security
Exam
Exam
Report
Report
Advisory
Advisory

0 MissedCalls

Log Out
Enter User Details
User Name
Password
Role
Users Detail
 	Password	User Name	Password	Role	Email_Id	Edit
1	ABDUL HALEEM	abdul.haleem	ah01		wahleem@hotmail.com	Edit
2	ABDUL MOTALEB	abdul.mutaleb	am01		maintenance@skylineuniversity.ac.ae	Edit
3	ABDULMAJID ISMA’IL ADAMU	abdul.majid	AMsuc1920	AdminDept	majeed95@yahoo.com	Edit
4	AHMED ALHAYKY	ahmed.alhayky	AAhsky2018	Faculty	alfanooce@hotmail.com	Edit
5	AJITH KUMAR VADAKKI VEETIL	ajith.kumar	AKsky2014	HOA	ajithkumarvv@gmail.com	Edit
6	ALI AL ALI	aal ali	alii8633			Edit
7	ALIYU AHMAD MOHAMMED	aliyu.mohammad	iyud7824		aliyuam_22@yahoo.com	Edit
8	ALIYU BALA UMAR	aumar	iyur1505		aliyufadil94@yahoo.com	Edit
9	AMITABH UPADHYA	amitabh	Amit2512020	Faculty	amitabh@upadhya.com	Edit
10	AMITABH UPADHYA	amitabhdean	itzyi	Faculty	amitabh@upadhya.com	Edit
11	ANGELICA DELOS SANTOS CASILA	angelica.casila	icaa3860	Finance	angelica_casila@yahoo.com	Edit
12	ANIL ROY DUBEY	adubey	Adsky2012	Faculty	ardubey@gmail.com	Edit
13	ANISH CHACKO	anish.chacko	firlanbit	IT	anishchacko81@gmail.com	Edit
14	ANISH JOY	anish.joy	9633212566	IRO	palls.anish@gmail.com	Edit
15	ANJAN MUKHERJEE	amukherjee	jane2803		anjanmukherjee1991@gmail.com	Edit
16	ANOJ KUMAR SUNDARARAJ	asundararaj	marj4311		anojkumar11@yahoo.com	Edit
17	ANSHAD MOHAMMED SALEEM	anshad.saleem	ASky2018		anshadmohammed89@gmail.com	Edit
18	ANUBHA KALRA	anubha.kalra	AKsky2019	Faculty	addkalra@gmail.com	Edit
19	aQila BEGUM	aqila.begum	ABsky2020	Faculty	aqilarafi@gmail.com	Edit
20	ASAD ANWAR	asad.anwar	asad1987	Faculty	asadayesha223@gmail.com	Edit
21	BASHAR YASER MANSOUR ALMANSOUR	bashar.almansour	BYMsky2020	Faculty	dr.basharalmansour@hotmail.com	Edit
22	BEENU MAGO	beenu.mago	BBsky2018	Faculty	beenumago@gmail.com	Edit
23	BELEN VERSOLA CASTILLO	bcastillo	olao8336	Marketing	castillobelle24@gmail.com	Edit
24	BHARATRAM KRISHNAN	bharatram.krishnan	bram01			Edit
25	BHAVANA ANAND GUPTA	banand gupta	anaa4739		binny75@gmail.com	Edit
26	BILAL IBRAHIM BANAT	bilal.banat	BBsky2017		bilal.banat1982@hotmail.com	Edit
27	BLESSON JACOB PHILIP	blesson.philip	deanoffice5003	Dean	blessonjacob2001@gmail.com	Edit
28	CHRISTINA AYUB	christina.ayub	christina01	Events	christina_ayub@hotmail.com	Edit
29	DEEPAK KALRA	deepak.kalra	Dsky2007	Faculty	deepakkalra2000@yahoo.com	Edit
30	DEEPIKA GAUR	deepika.gaur	DGshjsky1919	Faculty	gaurdeepika4@gmail.com	Edit
31	DINESH ASHOK MARTHE	dinesh.marthe	Dmsky2018		adineshmarathe38@gmail.com	Edit
32	ELVIN NICHOLAS MIRANDA	elvin	nivlerimgwix06	HOD	elvinmir@yahoo.com	Edit
33	ERNESTO ii aRCIGA Esguerra	Ernesto	ENsky2019	MCD	ernestoegguerrathesecond@gmail.com	Edit
34	ERNIE MARCELINO ESTREBILLO	eestrebillo	nieo1012		villa_penia@yahoo.com	Edit
35	FAITH AKINADE ADEYEMO	adeyemo.faith	AFskysuc2017	SSD	faithtogen87@gmail.com	Edit
36	FERAS ALTABBAA MUWAFFK	faltabbaa	feras	Marketing	faltabbaa@yahoo.com	Edit
37	FIROJ KUMAR RAUTA	firoj	Avrooma7	HOD	fkrout@gmail.com	Edit
38	GANGA RAM	ganga.ram	ganga01		maintenance@skylineuniversity.ac.ae	Edit
39	GOLD CLEENE FADERAGAO RABENA	gold.rabena	dlog01	HOD	gc_rabena07@yahoo.com	Edit
40	GOPALAKRISHNAN RAMASWAMYIYER	gopalakrisnan	Gsky2015	Faculty	gopal050@yahoo.com	Edit
41	GOUHER AHMED	gouher.ahmed	AGskysuc2020	Faculty	gouher@usa.net	Edit
42	GRACE MOLENO	grace.moreno	GMsky20182020	MCD	grace.moleno@gmail.com	Edit
43	GULSHER AHMAD MUNIR	gulsher.munir	gulsher		gulsher20@gmail.com	Edit
44	HAFSATH FASAL	hafsath.fasal	HAFSA01	Finance	hafsafasal@gmail.com	Edit
45	HAFTAMU MENKER YOHANNES	haftamu.yohannes	Hskysuc2017	Faculty	haftamum2010@gmail.com	Edit
46	HAITHAM MOHAMMAD MUSA ALZOUBI	haitham.alzubi	Hsky2016	Faculty	haitham_zubi@yahoo.com	Edit
47	HAMZAH HUSSEIN ABDALLAH ELREHAIL	hamzah.elrehail	HAEsky1920	Faculty	ch-hamzah@hotmail.com	Edit
48	HARISH GOPALA KRISHNAN NAIR	harish	Hsky2013$123	Admin	harish@skylineuniversity.ac.ae	Edit
49	HARISH GOPALA KRISHNAN NAIR	harish	Hsky2013$123	Admin	harish@skylineuniversity.ac.ae	Edit
50	HELEN RALLOS	helen.rallos	neleh01	Marketing	hsrallosomar5@hotmail.com	Edit
51	HEMACHANDRAN RENJIT NARAYANAN HEMACHANDRAN	hhemachandran	jitn7410		renjit.hemachandran@gmail.com	Edit
52	IHSSANE GHOUZZAF	ighouzzaf	anef8809		ihssane.ghouzzaf@gmail.com	Edit
53	IRIS MELODY HIPOLITO MENDOZA	iris.melody	melodyjm	COEC	irismelodyhipolito@yahoo.com	Edit
54	JAYMAR CLARIDADES	jaymar.claridades	fgmec5gdcrmw	MCD	jaymar_claridades@yahoo.com	Edit
55	JAYSON CAOLE	jayson.caole	psychofudge2002	Finance	jaysoncaole@yahoo.com	Edit
56	JEENA NAZAR	jeena.nazar	enar166	Admin	jeenanazar2004@gmail.com	Edit
57	JESINTHAN THILLAINATHAN	JESINTHAN THILLAINATHAN	hann6419		jesinthan163@gmail.com	Edit
58	JOGHEE SHANMUGAN	jshanmugan	Jsky2008	Faculty	shanmuganj@gmail.com	Edit
59	JOHN MARK OKIROR	jokiror	arkr8595		okjohnmark@gmail.com	Edit
60	JOHN ROY SENIOR	john.senior	JSSkysuc2018	Faculty	johnroysenior23@gmail.com	Edit
61	KAKUL AGHA	kakul.agha	Ksky2014	Faculty	kakul_p@yahoo.com	Edit
62	KAMAL PURI	kamalpuri	lamak			Edit
63	KANNAPPA SRINIVASAN L	kannappa.srinivasan	ppal1445	MCD	kannappan_cit@yahoo.com	Edit
64	KARAMATH ATEEQ	karamath.ateeq	KAsky2018	Faculty	karhce@yahoo.com	Edit
65	KHANSA AHMED	Khansa.ahmed	KAsky2018		khansa73@gmail.com	Edit
66	KHANZEB SAWAB GUL	khanzeb.gul	khanzeb01		finance@skylineuniversity.ac.ae	Edit
67	LAMIA EL MOUHIB	lamia.mouhib	miab2876		universparcours@gmail.com	Edit
68	LUCKY ALOZIE CHIGBU	lucky.chigbu	ckuu6635		chigbu@hotmail.com	Edit
69	MAHESH PILLAI	mahesh.pillai	MPsky2020	Faculty	drmaheshrpillai@live.com	Edit
70	MANAS RANJAN PRADHAN	manas.pradhan	MPsky1919	Faculty	manaspradhan@yahoo.com	Edit
71	MANOJ KUMAR	mkumar	Msky2013	Faculty	manojgrey@gmail.com	Edit
72	MANUEL FERNANDEZ	mfernandez	Mfr5003	Faculty	qln_manuel@yahoo.com	Edit
73	MANUEL JR ANDRES ESPIRITU	manuel.espiritu	maejr2008	Admin	maejr_kk08@yahoo.com	Edit
74	MARIA SUSAN JOSE	maria.jose	maria01	HOD	mariasusan029@gmail.com	Edit
75	MEENA KRISHNAN	mkrishnan	enan8381		meenanatarajan@yahoo.com	Edit
76	MOHAMMAD HASAN SALEH INAIRAT	mohd.inairat	MIsuc2017	HOA	mhsaleh65@hotmail.com	Edit
77	MOHANAN KARICHERRY	mohanan.karicherry	mk01		mohankatukukke123@gmail.com	Edit
78	MOHIT VIJ	mvij	MVsky2009	Faculty	dr.mohit.vij@gmail.com	Edit
79	MOHSINE KHAZROUNI	mohsine.khazrouni	MOKsky2018	Faculty	mohsineenglish@hotmail.com	Edit
80	MONA SINHA	mona.sinha	MSsky2017	Faculty	mona_raisinha@yahoo.com	Edit
81	MOUNIR MUHAMMAD EL KHATIB	mounir	Mmsky2009	Faculty	dr.munir.k@gmail.com	Edit
82	MUHAMAD HOSAIN ABDULMAGEED HABBOOSH	muhammad.habboosh	MUskysuc18	Faculty	mhabboush@hotmail.com	Edit
83	MUHAMMAD SHOAIB	muhammad.shoaib	Mssky2017	Faculty	shkharal.fcca@gmail.com	Edit
84	MUHAMMAD ABDUL SALAM	asalam	Asuc2012	Faculty	salam_a13@hotmail.com	Edit
85	MUHAMMAD RASHEED KHALID	mkhalid	eedd3701	HOD	emcg1us@gmail.com	Edit
86	MUSTAPHA RABIU	mrabiu	phau5914		mustykwankwaso@gmail.com	Edit
87	NADINE FELIX	nadine.felix	NFsky2018	Faculty	nadinefelix1976@gmail.com	Edit
88	NADIR ALI HAZOOR BUX	nadir.kolachi	NKsky2012	Faculty	nadir.kolachi@gmail.com	Edit
89	NASEEM ABIDI	naseem.abidi	NAsky17suc17	Faculty	naseem.abidi@jiit.ac.in	Edit
90	NIKHILESH MALL	nikhilesh.kumar	NKskykum2017	AdminDept	bposaini@gmail.com	Edit
91	NISHA RATHEESH	nisha.ratheesh	nisha01		nishachakkali@gmail.com	Edit
92	NITASHA PURI	natasha	nininisha01		nitasha.puri@skylineuniversity.ac.ae	Edit
93	NITIN ANAND	nitin	nitin0001		nitinanand666@hotmail.com	Edit
94	NIZAR A.	Nizar.a	Naskysuc2025	Faculty	nizaralsharari@gmail.com	Edit
95	NIZAR M.F SAHAWNEH	snizar	SNsky1717	Faculty	nizar_sahawneh@yahoo.com	Edit
96	OLIVER TAMAJONG ANYE	oanye	vere4681		oliwezy@yahoo.com	Edit
97	OLUGBENGA CHARLES OKE	olugbenga.oke	OOsuc2018	Lib	olugbenga83@gmail.com	Edit
98	OMAR HIKMAT SATTAR	omar.sattar	OSsky2019	Faculty	omarsattar2908@gmail.com	Edit
99	OSAMA ALI THAWABEH	osama	Osamzx100	Head of Student Affairs	osamah_1999@yahoo.com	Edit
100	PAUL KATUSE	paul.katuse	PKskysuc1920	Faculty	paulkatuse@yahoo.com	Edit
101	PETR SVOBODA	petr.svoboda	PSSuc2018	Faculty	info@rtc-1.com	Edit
102	RABIA BILAL	rabia	rabia01	Marketing	rabyabilal@hotmail.com	Edit
103	RABIN SUWAL	rsuwal	binl7746		rabin.suwal33@gmail.com	Edit
104	RAFAT R.A. KARAJEH	rafat	RFsky2012	Faculty	rafatrk@yahoo.com	Edit
105	RAJEEV KUMAR	rkumar	eevr1396		0	Edit
106	RAKESH GAUR	rakesh	RGsuc1212	Marketing	raakesh_gaur@hotmail.com	Edit
107	RAKESH KUMAR	rkumar	eshr1032		it.rakesh99@gmail.com	Edit
108	RAMAKRISHNA YANAMANDRA	ramakrishna	RYsky2017	Faculty	ykrishna1@gmail.com	Edit
109	RAQUEL BACAL TABIRARA	raquel.tabirara	ajtabirara0324	Dean	raquelbacaltabirara@yahoo.com	Edit
110	RASHA EL KHATIB	rasha.khatib	REKsky2018	Faculty	rasha.elkhatib@hotmail.com	Edit
111	RAVEENDRAN KARICHERI	raveendran.karicheri	161971	HOD	maintenance@skylineuniversity.ac.ae	Edit
112	RENJIE LOU ABELLANIDA	renjie.abellanida	RAsky2018	HRD	renjanticamara@yahoo.com	Edit
113	RIKTESH SRIVASTAVA	rsrivastava	Aasky2008	Faculty	riktesh.srivastava@gmail.com	Edit
114	ROBINSON JOSEPH	robinson	nosnibor01	Faculty	mrobinjose@gmail.com	Edit
115	ROEL BACANI PULANGCO	roel.pulangco	oelo6913	CPD-HEAD	roelbpulangco@yahoo.com	Edit
116	ROUBA DBOUK	rouba.dbouk	RDsky2019	Faculty	rouba.dbouk@mammasgarden.ae	Edit
117	ROWELL MANO NICOLAS	rnicolas	ells6007	Dean	rowellnicolas 230982@gmail.com	Edit
118	SAHERA MUSTAFA AL-BASHI	sal-bashi	erai6089		sara.ody43@gmail.com	Edit
119	SAIF ALIMAMY	saif.alimamy	SAsky1920	Faculty	saif.alimamy@gmail.com	Edit
120	SAKTHIVEL A.M.	sakthivel	SAMsky2017	Faculty	drsakkthi@gmail.com	Edit
121	SALEEM NOOR MUHAMMAD	saleem.muhammad	Saleem01		finance@skylinneuniversity.ac.ae	Edit
122	SAMIRA BOTROS	samira.botros	samira01	Marketing	samira.botros@yahoo.com	Edit
123	SANJAY BENJAMIN	sanjay.benjamin	sanjay1	Faculty	benjusports@yahoo.com	Edit
124	SANJAY BENJAMIN	sanjay.benjamin	sanjay1	Faculty	benjusports@yahoo.com	Edit
125	SANJAY SATHYAN	ssathyan	jayn1194		sanjaysathyan1234@gmail.com	Edit
126	SARIKA SATISH BANJAN	sarika	Ssky2012	IRO	sarikakundar@yahoo.co.in	Edit
127	SHAHNAZ FAWAZ GHAFOUR	shahenaz.ghafour	SGsky2018	SSD	shahenazghafour@outlook.com	Edit
128	SHAISTA IRFAN SHAIKH	shaista	atsiahs01	Faculty	irfan_s21@hotmail.com	Edit
129	SHARON MENDOZA DREISBACH	sharon	Ssky2013	Faculty	drshaimah_101609@hotmail.com	Edit
130	SHEIKH MAIDEEN ABDUL RABIK	sheik.maideen	SMsuc2017	Lib	sheikhvnr@gmail.com	Edit
131	SHEILA MAY NUEZCA CANCILLER	sheila.nuezca	SMsky2018	Marketing	nueza.sm@gmail.com	Edit
132	SHIHAB A.M	sa.m	habm9049		ambakkattil.shihab@gmail.com	Edit
133	SREEJITH SREENIVAS VISAKHAN	sreejith.visakhan	vasa1929	Lib	srjthsv3@gmail.com	Edit
134	SUDHAKAR KOTA	skota	Skot238	Faculty	skota60@hotmail.com	Edit
135	SUGESH PUTHAN KUDI	sugesh	Sugesh		maintenance@skylineuniversity.ac.ae	Edit
136	SUNITA MARWAHA	sunita	Abdu208	AdminDept	sunita1marwaha@gmail.com	Edit
137	TALEB ELI	taleb.eli	TESky2016	Faculty	talebiano@yahoo.com	Edit
138	TARIQ MEHMOOD	tariq.mehmood	Tmsky2014	Faculty	doctortm@gmail.com	Edit
139	TAUQEER FAIZ FAIZ AHMED KHAN	tauqeer.khan	TKskyshj1920	Faculty	tauqeer98@hotmail.com	Edit
140	TSETSEI AIGBHIHALU GEORGE OKORO	tsetsei.okoro	TGEORGE	SSD	tesmogeorge@yahoo.com	Edit
141	VICTORIA VERNA	victoria	Vicsky2018	Faculty		Edit
142	VIGUL VIJAYA KUMAR	vigul.kumar	Vvsky2017	AdminDept	vigul619@gmail.com	Edit
143	VINAITHEERTHAN RENGANATHAN	vinai	Iosky2015	IRO	vinaicontact@yahoo.com	Edit
144	WILSON KARANJA GACHIRI	wilson	Wsky2007	Faculty	wgachiri@hotmail.com	Edit   © 2018-2019 Skyline University College, Sharjah, UAE. All Rights Reserved.